{
  "name": "Access Shield Landing Page - Flask",
  "version": "1.0.0",
  "type": "flask",
  "description": "Flask-based landing page server for Access Shield AI",
  "files": [
    "landing_page.py",
    "launch_landing_page.py",
    "requirements.txt",
    "templates/",
    "static/",
    "README.md"
  ],
  "requirements": [
    "flask>=2.0.0",
    "flask-socketio>=5.0.0",
    "python-dotenv>=0.19.0"
  ],
  "deployment": "Flask server, Docker, Cloud platforms",
  "created": "2025-09-08T14:37:08.532772"
}